feature,mean_shap
rolling_mean_30,13.950794518679363
rolling_mean_7,8.052985054915935
day_of_week,5.461200005034775
month,2.3145391654069716
week_of_year,2.0253729878351896
lag_7,0.6823643788485089
lag_30,0.4821968330796698
year,0.12741520724824185
store,0.07372054015092709
item,0.07084974157168954
is_weekend,0.0
quarter,0.0
